date,sku,sales_units
2026-04-01,SKU001,23
2026-04-02,SKU001,15
2026-04-03,SKU001,21
2026-04-04,SKU001,29
2026-04-05,SKU001,19
2026-04-06,SKU001,17
2026-04-07,SKU001,19
2026-04-08,SKU001,21
2026-04-09,SKU001,17
2026-04-10,SKU001,19
2026-04-11,SKU001,19
2026-04-12,SKU001,25
2026-04-13,SKU001,21
2026-04-14,SKU001,17
2026-04-15,SKU001,22
2026-04-16,SKU001,14
2026-04-17,SKU001,17
2026-04-18,SKU001,21
2026-04-19,SKU001,25
2026-04-20,SKU001,21
2026-04-21,SKU001,13
2026-04-22,SKU001,18
2026-04-23,SKU001,25
2026-04-24,SKU001,17
2026-04-25,SKU001,18
2026-04-26,SKU001,28
2026-04-27,SKU001,23
2026-04-28,SKU001,24
2026-04-29,SKU001,18
2026-04-30,SKU001,26
2026-05-01,SKU001,18
2026-05-02,SKU001,21
2026-05-03,SKU001,27
2026-05-04,SKU001,26
2026-05-05,SKU001,14
2026-05-06,SKU001,24
2026-05-07,SKU001,24
2026-05-08,SKU001,20
2026-05-09,SKU001,21
2026-05-10,SKU001,32
2026-05-11,SKU001,19
2026-05-12,SKU001,16
2026-05-13,SKU001,17
2026-05-14,SKU001,28
2026-05-15,SKU001,24
2026-05-16,SKU001,31
2026-05-17,SKU001,21
2026-05-18,SKU001,16
2026-05-19,SKU001,19
2026-05-20,SKU001,14
2026-05-21,SKU001,29
2026-05-22,SKU001,20
2026-05-23,SKU001,37
2026-05-24,SKU001,24
2026-05-25,SKU001,17
2026-05-26,SKU001,21
2026-05-27,SKU001,10
2026-05-28,SKU001,27
2026-05-29,SKU001,14
2026-05-30,SKU001,27
2026-05-31,SKU001,20
2026-06-01,SKU001,18
2026-06-02,SKU001,22
2026-06-03,SKU001,13
2026-06-04,SKU001,17
2026-06-05,SKU001,22
2026-06-06,SKU001,24
2026-06-07,SKU001,26
2026-06-08,SKU001,23
2026-06-09,SKU001,29
2026-06-10,SKU001,18
2026-06-11,SKU001,17
2026-06-12,SKU001,25
2026-06-13,SKU001,24
2026-06-14,SKU001,31
2026-06-15,SKU001,18
2026-06-16,SKU001,26
2026-06-17,SKU001,22
2026-06-18,SKU001,21
2026-06-19,SKU001,13
2026-06-20,SKU001,25
2026-06-21,SKU001,26
2026-06-22,SKU001,23
2026-06-23,SKU001,18
2026-06-24,SKU001,22
2026-06-25,SKU001,22
2026-06-26,SKU001,13
2026-06-27,SKU001,20
2026-06-28,SKU001,31
2026-06-29,SKU001,24
2026-06-30,SKU001,21
2026-07-01,SKU001,15
2026-07-02,SKU001,17
2026-07-03,SKU001,22
2026-07-04,SKU001,32
2026-07-05,SKU001,23
2026-07-06,SKU001,17
2026-07-07,SKU001,25
2026-07-08,SKU001,15
2026-07-09,SKU001,29
2026-07-10,SKU001,21
2026-07-11,SKU001,18
2026-07-12,SKU001,27
2026-07-13,SKU001,18
2026-07-14,SKU001,20
2026-07-15,SKU001,24
2026-07-16,SKU001,23
2026-07-17,SKU001,26
2026-07-18,SKU001,22
2026-07-19,SKU001,25
2026-07-20,SKU001,19
2026-07-21,SKU001,17
2026-07-22,SKU001,7
2026-07-23,SKU001,25
2026-07-24,SKU001,14
2026-07-25,SKU001,28
2026-07-26,SKU001,26
2026-07-27,SKU001,20
2026-07-28,SKU001,20
2026-07-29,SKU001,24
2026-07-30,SKU001,19
2026-07-31,SKU001,25
2026-08-01,SKU001,23
2026-08-02,SKU001,18
2026-08-03,SKU001,21
2026-08-04,SKU001,22
2026-08-05,SKU001,30
2026-08-06,SKU001,21
2026-08-07,SKU001,19
2026-08-08,SKU001,22
2026-08-09,SKU001,13
2026-08-10,SKU001,25
2026-08-11,SKU001,20
2026-08-12,SKU001,20
2026-08-13,SKU001,15
2026-08-14,SKU001,19
2026-08-15,SKU001,26
2026-08-16,SKU001,22
2026-08-17,SKU001,20
2026-08-18,SKU001,22
2026-08-19,SKU001,12
2026-08-20,SKU001,29
2026-08-21,SKU001,18
2026-08-22,SKU001,23
2026-08-23,SKU001,34
2026-08-24,SKU001,15
2026-08-25,SKU001,13
2026-08-26,SKU001,13
2026-08-27,SKU001,12
2026-08-28,SKU001,25
2026-08-29,SKU001,29
2026-08-30,SKU001,17
2026-08-31,SKU001,23
2026-09-01,SKU001,17
2026-09-02,SKU001,23
2026-09-03,SKU001,18
2026-09-04,SKU001,18
2026-09-05,SKU001,30
2026-09-06,SKU001,28
2026-09-07,SKU001,20
2026-09-08,SKU001,18
2026-09-09,SKU001,27
2026-09-10,SKU001,30
2026-09-11,SKU001,22
2026-09-12,SKU001,21
2026-09-13,SKU001,27
2026-09-14,SKU001,24
2026-09-15,SKU001,13
2026-09-16,SKU001,11
2026-09-17,SKU001,19
2026-09-18,SKU001,18
2026-09-19,SKU001,18
2026-09-20,SKU001,26
2026-09-21,SKU001,12
2026-09-22,SKU001,23
2026-09-23,SKU001,18
2026-09-24,SKU001,18
2026-09-25,SKU001,24
2026-09-26,SKU001,23
2026-09-27,SKU001,17
2026-04-01,SKU002,2
2026-04-02,SKU002,9
2026-04-03,SKU002,5
2026-04-04,SKU002,11
2026-04-05,SKU002,10
2026-04-06,SKU002,16
2026-04-07,SKU002,6
2026-04-08,SKU002,15
2026-04-09,SKU002,8
2026-04-10,SKU002,10
2026-04-11,SKU002,6
2026-04-12,SKU002,14
2026-04-13,SKU002,7
2026-04-14,SKU002,4
2026-04-15,SKU002,6
2026-04-16,SKU002,4
2026-04-17,SKU002,7
2026-04-18,SKU002,8
2026-04-19,SKU002,10
2026-04-20,SKU002,6
2026-04-21,SKU002,4
2026-04-22,SKU002,10
2026-04-23,SKU002,8
2026-04-24,SKU002,4
2026-04-25,SKU002,11
2026-04-26,SKU002,11
2026-04-27,SKU002,7
2026-04-28,SKU002,6
2026-04-29,SKU002,12
2026-04-30,SKU002,7
2026-05-01,SKU002,11
2026-05-02,SKU002,12
2026-05-03,SKU002,9
2026-05-04,SKU002,10
2026-05-05,SKU002,10
2026-05-06,SKU002,7
2026-05-07,SKU002,14
2026-05-08,SKU002,9
2026-05-09,SKU002,7
2026-05-10,SKU002,9
2026-05-11,SKU002,6
2026-05-12,SKU002,7
2026-05-13,SKU002,6
2026-05-14,SKU002,10
2026-05-15,SKU002,4
2026-05-16,SKU002,6
2026-05-17,SKU002,6
2026-05-18,SKU002,8
2026-05-19,SKU002,3
2026-05-20,SKU002,10
2026-05-21,SKU002,11
2026-05-22,SKU002,8
2026-05-23,SKU002,6
2026-05-24,SKU002,8
2026-05-25,SKU002,7
2026-05-26,SKU002,7
2026-05-27,SKU002,7
2026-05-28,SKU002,7
2026-05-29,SKU002,9
2026-05-30,SKU002,10
2026-05-31,SKU002,12
2026-06-01,SKU002,12
2026-06-02,SKU002,4
2026-06-03,SKU002,8
2026-06-04,SKU002,5
2026-06-05,SKU002,16
2026-06-06,SKU002,5
2026-06-07,SKU002,8
2026-06-08,SKU002,12
2026-06-09,SKU002,5
2026-06-10,SKU002,11
2026-06-11,SKU002,10
2026-06-12,SKU002,8
2026-06-13,SKU002,11
2026-06-14,SKU002,16
2026-06-15,SKU002,6
2026-06-16,SKU002,11
2026-06-17,SKU002,7
2026-06-18,SKU002,5
2026-06-19,SKU002,7
2026-06-20,SKU002,12
2026-06-21,SKU002,10
2026-06-22,SKU002,6
2026-06-23,SKU002,13
2026-06-24,SKU002,8
2026-06-25,SKU002,7
2026-06-26,SKU002,8
2026-06-27,SKU002,9
2026-06-28,SKU002,5
2026-06-29,SKU002,7
2026-06-30,SKU002,6
2026-07-01,SKU002,13
2026-07-02,SKU002,6
2026-07-03,SKU002,12
2026-07-04,SKU002,10
2026-07-05,SKU002,15
2026-07-06,SKU002,10
2026-07-07,SKU002,9
2026-07-08,SKU002,5
2026-07-09,SKU002,8
2026-07-10,SKU002,9
2026-07-11,SKU002,5
2026-07-12,SKU002,8
2026-07-13,SKU002,8
2026-07-14,SKU002,9
2026-07-15,SKU002,12
2026-07-16,SKU002,8
2026-07-17,SKU002,14
2026-07-18,SKU002,6
2026-07-19,SKU002,8
2026-07-20,SKU002,6
2026-07-21,SKU002,8
2026-07-22,SKU002,5
2026-07-23,SKU002,7
2026-07-24,SKU002,7
2026-07-25,SKU002,11
2026-07-26,SKU002,14
2026-07-27,SKU002,10
2026-07-28,SKU002,5
2026-07-29,SKU002,11
2026-07-30,SKU002,5
2026-07-31,SKU002,5
2026-08-01,SKU002,12
2026-08-02,SKU002,10
2026-08-03,SKU002,13
2026-08-04,SKU002,7
2026-08-05,SKU002,7
2026-08-06,SKU002,12
2026-08-07,SKU002,8
2026-08-08,SKU002,12
2026-08-09,SKU002,5
2026-08-10,SKU002,8
2026-08-11,SKU002,5
2026-08-12,SKU002,6
2026-08-13,SKU002,8
2026-08-14,SKU002,8
2026-08-15,SKU002,6
2026-08-16,SKU002,5
2026-08-17,SKU002,9
2026-08-18,SKU002,11
2026-08-19,SKU002,7
2026-08-20,SKU002,9
2026-08-21,SKU002,4
2026-08-22,SKU002,5
2026-08-23,SKU002,9
2026-08-24,SKU002,7
2026-08-25,SKU002,12
2026-08-26,SKU002,8
2026-08-27,SKU002,11
2026-08-28,SKU002,11
2026-08-29,SKU002,14
2026-08-30,SKU002,7
2026-08-31,SKU002,10
2026-09-01,SKU002,7
2026-09-02,SKU002,11
2026-09-03,SKU002,7
2026-09-04,SKU002,10
2026-09-05,SKU002,9
2026-09-06,SKU002,14
2026-09-07,SKU002,4
2026-09-08,SKU002,11
2026-09-09,SKU002,8
2026-09-10,SKU002,6
2026-09-11,SKU002,8
2026-09-12,SKU002,3
2026-09-13,SKU002,9
2026-09-14,SKU002,8
2026-09-15,SKU002,7
2026-09-16,SKU002,7
2026-09-17,SKU002,9
2026-09-18,SKU002,7
2026-09-19,SKU002,11
2026-09-20,SKU002,9
2026-09-21,SKU002,14
2026-09-22,SKU002,9
2026-09-23,SKU002,7
2026-09-24,SKU002,11
2026-09-25,SKU002,11
2026-09-26,SKU002,11
2026-09-27,SKU002,12
2026-04-01,SKU003,11
2026-04-02,SKU003,6
2026-04-03,SKU003,17
2026-04-04,SKU003,20
2026-04-05,SKU003,17
2026-04-06,SKU003,13
2026-04-07,SKU003,10
2026-04-08,SKU003,11
2026-04-09,SKU003,15
2026-04-10,SKU003,19
2026-04-11,SKU003,16
2026-04-12,SKU003,15
2026-04-13,SKU003,18
2026-04-14,SKU003,8
2026-04-15,SKU003,19
2026-04-16,SKU003,17
2026-04-17,SKU003,17
2026-04-18,SKU003,13
2026-04-19,SKU003,13
2026-04-20,SKU003,8
2026-04-21,SKU003,13
2026-04-22,SKU003,10
2026-04-23,SKU003,13
2026-04-24,SKU003,14
2026-04-25,SKU003,13
2026-04-26,SKU003,20
2026-04-27,SKU003,9
2026-04-28,SKU003,10
2026-04-29,SKU003,13
2026-04-30,SKU003,17
2026-05-01,SKU003,8
2026-05-02,SKU003,22
2026-05-03,SKU003,16
2026-05-04,SKU003,12
2026-05-05,SKU003,12
2026-05-06,SKU003,12
2026-05-07,SKU003,14
2026-05-08,SKU003,15
2026-05-09,SKU003,16
2026-05-10,SKU003,14
2026-05-11,SKU003,14
2026-05-12,SKU003,13
2026-05-13,SKU003,6
2026-05-14,SKU003,11
2026-05-15,SKU003,5
2026-05-16,SKU003,13
2026-05-17,SKU003,12
2026-05-18,SKU003,10
2026-05-19,SKU003,13
2026-05-20,SKU003,11
2026-05-21,SKU003,14
2026-05-22,SKU003,11
2026-05-23,SKU003,14
2026-05-24,SKU003,17
2026-05-25,SKU003,11
2026-05-26,SKU003,18
2026-05-27,SKU003,8
2026-05-28,SKU003,12
2026-05-29,SKU003,12
2026-05-30,SKU003,18
2026-05-31,SKU003,13
2026-06-01,SKU003,21
2026-06-02,SKU003,5
2026-06-03,SKU003,6
2026-06-04,SKU003,15
2026-06-05,SKU003,12
2026-06-06,SKU003,14
2026-06-07,SKU003,15
2026-06-08,SKU003,6
2026-06-09,SKU003,15
2026-06-10,SKU003,11
2026-06-11,SKU003,19
2026-06-12,SKU003,6
2026-06-13,SKU003,11
2026-06-14,SKU003,15
2026-06-15,SKU003,13
2026-06-16,SKU003,4
2026-06-17,SKU003,14
2026-06-18,SKU003,16
2026-06-19,SKU003,17
2026-06-20,SKU003,15
2026-06-21,SKU003,13
2026-06-22,SKU003,16
2026-06-23,SKU003,12
2026-06-24,SKU003,14
2026-06-25,SKU003,14
2026-06-26,SKU003,15
2026-06-27,SKU003,11
2026-06-28,SKU003,11
2026-06-29,SKU003,11
2026-06-30,SKU003,14
2026-07-01,SKU003,6
2026-07-02,SKU003,11
2026-07-03,SKU003,14
2026-07-04,SKU003,15
2026-07-05,SKU003,11
2026-07-06,SKU003,23
2026-07-07,SKU003,4
2026-07-08,SKU003,12
2026-07-09,SKU003,12
2026-07-10,SKU003,18
2026-07-11,SKU003,25
2026-07-12,SKU003,21
2026-07-13,SKU003,11
2026-07-14,SKU003,12
2026-07-15,SKU003,11
2026-07-16,SKU003,9
2026-07-17,SKU003,13
2026-07-18,SKU003,20
2026-07-19,SKU003,13
2026-07-20,SKU003,9
2026-07-21,SKU003,11
2026-07-22,SKU003,11
2026-07-23,SKU003,8
2026-07-24,SKU003,14
2026-07-25,SKU003,21
2026-07-26,SKU003,16
2026-07-27,SKU003,9
2026-07-28,SKU003,13
2026-07-29,SKU003,15
2026-07-30,SKU003,18
2026-07-31,SKU003,16
2026-08-01,SKU003,19
2026-08-02,SKU003,11
2026-08-03,SKU003,18
2026-08-04,SKU003,12
2026-08-05,SKU003,12
2026-08-06,SKU003,13
2026-08-07,SKU003,12
2026-08-08,SKU003,19
2026-08-09,SKU003,25
2026-08-10,SKU003,8
2026-08-11,SKU003,12
2026-08-12,SKU003,18
2026-08-13,SKU003,18
2026-08-14,SKU003,13
2026-08-15,SKU003,23
2026-08-16,SKU003,15
2026-08-17,SKU003,15
2026-08-18,SKU003,8
2026-08-19,SKU003,11
2026-08-20,SKU003,10
2026-08-21,SKU003,22
2026-08-22,SKU003,20
2026-08-23,SKU003,11
2026-08-24,SKU003,16
2026-08-25,SKU003,14
2026-08-26,SKU003,13
2026-08-27,SKU003,12
2026-08-28,SKU003,6
2026-08-29,SKU003,10
2026-08-30,SKU003,24
2026-08-31,SKU003,21
2026-09-01,SKU003,11
2026-09-02,SKU003,13
2026-09-03,SKU003,15
2026-09-04,SKU003,6
2026-09-05,SKU003,13
2026-09-06,SKU003,13
2026-09-07,SKU003,20
2026-09-08,SKU003,19
2026-09-09,SKU003,13
2026-09-10,SKU003,14
2026-09-11,SKU003,15
2026-09-12,SKU003,21
2026-09-13,SKU003,15
2026-09-14,SKU003,14
2026-09-15,SKU003,15
2026-09-16,SKU003,15
2026-09-17,SKU003,17
2026-09-18,SKU003,13
2026-09-19,SKU003,19
2026-09-20,SKU003,15
2026-09-21,SKU003,8
2026-09-22,SKU003,11
2026-09-23,SKU003,13
2026-09-24,SKU003,10
2026-09-25,SKU003,16
2026-09-26,SKU003,10
2026-09-27,SKU003,13
